771,362       ,ROSQUILLA DE ENSALADILLA      ,ROSQUILLA DE ENSALADILLA                                                                            ,10,5,,,0.90,,,,,,,
812,915       ,CAFE ALFONSO                  ,CAFE ALFONSO                                                                                        ,40,5,,,2.80,,,,,,,
976,115       ,TARRINA 2 BOLAS (60 MM)       ,TARRINA 2 BOLAS (60 MM)                                                                             ,120,5,,,3.70,,,,,,,
977,113       ,TARRINA 2 BOLAS (50 MM)       ,TARRINA 2 BOLAS (50 MM)                                                                             ,120,5,,,2.10,,,,,,,
1017,752       ,BATIDO VAINILLA PULEVA        ,BATIDO VAINILLA PULEVA                                                                              ,140,5,,,1.25,,,,,,,
1019,734       ,"AGUA LANJARON 1,5L            ","AGUA LANJARON 1,5L                                                                                  ",140,5,,,1.25,,,,,,,
1020,729       ,SCHWEPPES LIMON               ,SCHWEPPES LIMON                                                                                     ,140,5,,,1.25,,,,,,,
773,360       ,ENSALADILLA CON ANCHOA (1)    ,ENSALADILLA CON ANCHOA (1)                                                                          ,10,5,,,2.10,,,,,,,
774,359       ,ENSALADILLA                   ,ENSALADILLA                                                                                         ,10,5,,,1.50,,,,,,,
775,872       ,SANDWICH JAMON SERRANO/TOMATE ,SANDWICH JAMON SERRANO/TOMATE                                                                       ,20,5,,,2.10,,,,,,,
776,866       ,PULGA JAMON YORK Y QUESO      ,PULGA JAMON YORK Y QUESO                                                                            ,20,5,,,1.05,,,,,,,
777,865       ,PULGA QUESO                   ,PULGA QUESO                                                                                         ,20,5,,,1.05,,,,,,,
778,864       ,PULGA JAMON                   ,PULGA JAMON                                                                                         ,20,5,,,1.05,,,,,,,
779,863       ,CROISSANT JAMON YORK Y QUESO  ,CROISSANT JAMON YORK Y QUESO                                                                        ,20,5,,,2.10,,,,,,,
780,862       ,SANDWICH JAMON YORK Y QUESO   ,SANDWICH JAMON YORK Y QUESO                                                                         ,20,5,,,2.00,,,,,,,
781,861       ,CATALANA ENTERA (2 JM 1 TM)   ,CATALANA ENTERA (2 JM 1 TM)                                                                         ,20,5,,,2.40,,,,,,,
782,860       ,CATALANA MEDIA                ,CATALANA MEDIA                                                                                      ,20,5,,,1.60,,,,,,,
783,964       ,TARTA CHOCOLATE MINI          ,TARTA CHOCOLATE MINI                                                                                ,30,5,,,2.40,,,,,,,
784,929       ,PIZZA PEQUE베                 ,PIZZA PEQUE베                                                                                       ,30,5,,,1.20,,,,,,,
785,913       ,MAGDALENA NORMAL              ,MAGDALENA NORMAL                                                                                    ,30,5,,,1.00,,,,,,,
786,909       ,MAGDALENA MANZANA             ,MAGDALENA MANZANA                                                                                   ,30,5,,,1.20,,,,,,,
787,908       ,TORTA DE RECADO               ,TORTA DE RECADO                                                                                     ,30,5,,,1.00,,,,,,,
788,899       ,MONA MINI                     ,MONA MINI                                                                                           ,30,5,,,0.50,,,,,,,
789,898       ,BIZCOCHO CASERO               ,BIZCOCHO CASERO                                                                                     ,30,5,,,0.85,,,,,,,
763,960       ,PATATAS FRITAS CASERAS        ,PATATAS FRITAS CASERAS                                                                              ,10,5,,,1.40,,,,,,,
764,957       ,GANCHITOS DE QUESO            ,GANCHITOS DE QUESO                                                                                  ,10,5,,,0.85,,,,,,,
765,954       ,COPOS DE MAIZ                 ,COPOS DE MAIZ                                                                                       ,10,5,,,0.80,,,,,,,
766,953       ,PATATAS FRITAS BOLSA 35 GR    ,PATATAS FRITAS BOLSA 35 GR                                                                          ,10,5,,,0.85,,,,,,,
767,952       ,CASCARUJA                     ,CASCARUJA                                                                                           ,10,5,,,1.05,,,,,,,
770,363       ,MARINERA (ROSQUILLA Y ANCHOA) ,MARINERA (ROSQUILLA Y ANCHOA)                                                                       ,10,5,,,1.50,,,,,,,
762,965       ,ALMENDRAS. PLATO              ,ALMENDRAS. PLATO                                                                                    ,10,5,,,2.30,,,,,,,
790,8801      ,BIZCOCHO DE MANZANA           ,BIZCOCHO DE MANZANA                                                                                 ,30,5,,,1.20,,,,,,,
791,880       ,BIZCOCHO DE CHOCOLATE         ,BIZCOCHO DE CHOCOLATE                                                                               ,30,5,,,0.85,,,,,,,
792,879       ,MONA                          ,MONA                                                                                                ,30,5,,,0.85,,,,,,,
793,878       ,TRUFA CHOCOLATE               ,TRUFA CHOCOLATE                                                                                     ,30,5,,,1.05,,,,,,,
794,876       ,TORTA DE PASCUA               ,TORTA DE PASCUA                                                                                     ,30,5,,,1.50,,,,,,,
795,874       ,ENSAIMADA                     ,ENSAIMADA                                                                                           ,30,5,,,0.85,,,,,,,
796,8731      ,DONUT DE CHOCOLATE            ,DONUT DE CHOCOLATE                                                                                  ,30,5,,,0.90,,,,,,,
797,873       ,DONUTS                        ,DONUTS                                                                                              ,30,5,,,0.85,,,,,,,
798,871       ,BIZCOCHO                      ,BIZCOCHO                                                                                            ,30,5,,,0.85,,,,,,,
799,8701      ,ENSAIMADA MALLORQUINA         ,ENSAIMADA MALLORQUINA                                                                               ,30,5,,,2.05,,,,,,,
800,869       ,ROLLITO JUMILLANO             ,ROLLITO JUMILLANO                                                                                   ,30,5,,,0.55,,,,,,,
801,868       ,MAGDALENA MONJAS              ,MAGDALENA MONJAS                                                                                    ,30,5,,,0.85,,,,,,,
802,867       ,MAGDALENA EN BOLSA            ,MAGDALENA EN BOLSA                                                                                  ,30,5,,,0.55,,,,,,,
803,859       ,COSTILLA                      ,COSTILLA                                                                                            ,30,5,,,0.85,,,,,,,
804,858       ,NAPOLITANA CHOCOLATE          ,NAPOLITANA CHOCOLATE                                                                                ,30,5,,,0.85,,,,,,,
805,857       ,NAPOLITANA CREMA              ,NAPOLITANA CREMA                                                                                    ,30,5,,,0.85,,,,,,,
806,856       ,CROISSANT                     ,CROISSANT                                                                                           ,30,5,,,0.85,,,,,,,
807,195       ,TARTA DE QUESO PORCION        ,TARTA DE QUESO PORCION                                                                              ,30,5,,,1.90,,,,,,,
808,919       ,CAFE MOKACCINO                ,CAFE MOKACCINO                                                                                      ,40,5,,,1.90,,,,,,,
809,918       ,CAFE BIB DE MILAN             ,CAFE BIB DE MILAN                                                                                   ,40,5,,,2.40,,,,,,,
810,917       ,CAFE MAKATON                  ,CAFE MAKATON                                                                                        ,40,5,,,2.80,,,,,,,
811,916       ,CAFE JAMAICANO                ,CAFE JAMAICANO                                                                                      ,40,5,,,2.80,,,,,,,
813,914       ,CAFE LIEJA                    ,CAFE LIEJA                                                                                          ,40,5,,,2.50,,,,,,,
814,850       ,CAFE AL CHOCOLATE             ,CAFE AL CHOCOLATE                                                                                   ,40,5,,,1.10,,,,,,,
815,849       ,CAFE JAVA                     ,CAFE JAVA                                                                                           ,40,5,,,1.80,,,,,,,
816,848       ,CAFE CREMA IRLANDESA          ,CAFE CREMA IRLANDESA                                                                                ,40,5,,,2.90,,,,,,,
817,847       ,CAFE BORGIA                   ,CAFE BORGIA                                                                                         ,40,5,,,1.70,,,,,,,
818,846       ,CAFE CAPRICHO                 ,CAFE CAPRICHO                                                                                       ,40,5,,,1.95,,,,,,,
819,845       ,CAFE CUBAFE                   ,CAFE CUBAFE                                                                                         ,40,5,,,2.90,,,,,,,
820,844       ,CAFE IRLANDES                 ,CAFE IRLANDES                                                                                       ,40,5,,,2.80,,,,,,,
821,843       ,CAFE COCTEL DE CAFE           ,CAFE COCTEL DE CAFE                                                                                 ,40,5,,,1.80,,,,,,,
822,842       ,CAFE ESCOCES                  ,CAFE ESCOCES                                                                                        ,40,5,,,2.80,,,,,,,
823,841       ,CAFE CAPUCCINO EN COPA        ,CAFE CAPUCCINO EN COPA                                                                              ,40,5,,,2.05,,,,,,,
824,821       ,CAFE ASIATICO                 ,CAFE ASIATICO                                                                                       ,40,5,,,1.90,,,,,,,
825,806       ,CAFE VIENES                   ,CAFE VIENES                                                                                         ,40,5,,,2.05,,,,,,,
826,923       ,RECUELO                       ,RECUELO                                                                                             ,50,5,,,0.50,,,,,,,
827,877       ,CHOCOLATE VIENES              ,CHOCOLATE VIENES                                                                                    ,50,5,,,1.90,,,,,,,
828,875       ,CHOCOLATE A LA TAZA           ,CHOCOLATE A LA TAZA                                                                                 ,50,5,,,1.60,,,,,,,
829,839       ,CAFE BELMONTE BAILEYS         ,CAFE BELMONTE BAILEYS                                                                               ,50,5,,,1.40,,,,,,,
830,8381      ,CAFE CARAJILLO BAILEYS        ,CAFE CARAJILLO BAILEYS                                                                              ,50,5,,,1.25,,,,,,,
831,838       ,CAFE CARAJILLO ANIS           ,CAFE CARAJILLO ANIS                                                                                 ,50,5,,,1.15,,,,,,,
832,837       ,CAFE CAPUCCINO NESCAFE        ,CAFE CAPUCCINO NESCAFE                                                                              ,50,5,,,1.25,,,,,,,
833,819       ,CAFE AMERICANO                ,CAFE AMERICANO                                                                                      ,50,5,,,1.00,,,,,,,
834,818       ,VASO DE LECHE                 ,VASO DE LECHE                                                                                       ,50,5,,,1.00,,,,,,,
835,817       ,COLA CAO CON LECHE            ,COLA CAO CON LECHE                                                                                  ,50,5,,,1.15,,,,,,,
836,809       ,CAFE BELMONTE                 ,CAFE BELMONTE                                                                                       ,50,5,,,1.25,,,,,,,
837,808       ,CAFE CARAJILLO                ,CAFE CARAJILLO                                                                                      ,50,5,,,1.20,,,,,,,
838,807       ,CAFE BOMBON                   ,CAFE BOMBON                                                                                         ,50,5,,,1.15,,,,,,,
839,805       ,CAFE CAPUCCINO EN TAZA        ,CAFE CAPUCCINO EN TAZA                                                                              ,50,5,,,1.95,,,,,,,
840,804       ,CAFE CON LECHE                ,CAFE CON LECHE                                                                                      ,50,5,,,1.10,,,,,,,
841,803       ,CAFE MANCHADO                 ,CAFE MANCHADO                                                                                       ,50,5,,,1.00,,,,,,,
842,802       ,CAFE CORTADO                  ,CAFE CORTADO                                                                                        ,50,5,,,1.00,,,,,,,
843,801       ,CAFE SOLO                     ,CAFE SOLO                                                                                           ,50,5,,,0.90,,,,,,,
844,366       ,"VINO (TINTO, BLANCO, ROSADO)  ","VINO (TINTO, BLANCO, ROSADO)                                                                        ",60,5,,,1.30,,,,,,,
846,357       ,CERVEZA AGUILA (BOTE)         ,CERVEZA AGUILA (BOTE)                                                                               ,60,5,,,1.30,,,,,,,
847,355       ,CERVEZA ESTRELLA 1/3          ,CERVEZA ESTRELLA 1/3                                                                                ,60,5,,,1.50,,,,,,,
848,354       ,CERVEZA ESTRELLA BOTE         ,CERVEZA ESTRELLA BOTE                                                                               ,60,5,,,1.30,,,,,,,
849,353       ,CERVEZA ESTRELLA 25CC         ,CERVEZA ESTRELLA 25CC                                                                               ,60,5,,,1.25,,,,,,,
850,352       ,CERVEZA HEINEKEN 25CC         ,CERVEZA HEINEKEN 25CC                                                                               ,60,5,,,1.50,,,,,,,
851,351       ,CERVEZA HEINEKEN 33CC         ,CERVEZA HEINEKEN 33CC                                                                               ,60,5,,,1.80,,,,,,,
852,350       ,CERVEZA MAHOU 25CC            ,CERVEZA MAHOU 25CC                                                                                  ,60,5,,,1.25,,,,,,,
853,774       ,COMBINADO BACARDI             ,COMBINADO BACARDI                                                                                   ,70,5,,,3.00,,,,,,,
854,773       ,COMBINADO BRUGAL/HAVANA       ,COMBINADO BRUGAL/HAVANA                                                                             ,70,5,,,3.00,,,,,,,
855,772       ,COMBINADO DYC                 ,COMBINADO DYC                                                                                       ,70,5,,,3.00,,,,,,,
856,771       ,COMBINADO JB/CUTTY/BALL.      ,COMBINADO JB/CUTTY/BALL.                                                                            ,70,5,,,3.00,,,,,,,
857,770       ,COMBINADO BOMBAY              ,COMBINADO BOMBAY                                                                                    ,70,5,,,3.50,,,,,,,
858,769       ,COMBINADO BEEFETER            ,COMBINADO BEEFETER                                                                                  ,70,5,,,3.00,,,,,,,
859,768       ,COMBINADO LARIOS              ,COMBINADO LARIOS                                                                                    ,70,5,,,3.00,,,,,,,
860,765       ,MARTINI ROJO/BLANCO           ,MARTINI ROJO/BLANCO                                                                                 ,70,5,,,2.00,,,,,,,
861,761       ,LICORES                       ,LICORES                                                                                             ,70,5,,,2.50,,,,,,,
862,760       ,COMBINADO                     ,COMBINADO                                                                                           ,70,5,,,3.00,,,,,,,
863,905       ,DESAYUNO COMPLETO BOLLERIA    ,DESAYUNO COMPLETO BOLLERIA                                                                          ,80,5,,,2.75,,,,,,,
864,903       ,DESAYUNO BOLLERIA             ,DESAYUNO BOLLERIA                                                                                   ,80,5,,,1.90,,,,,,,
865,902       ,DESAYUNO TOSTADA (1/2 TOSTADA),DESAYUNO TOSTADA (1/2 TOSTADA)                                                                      ,80,5,,,1.60,,,,,,,
866,900       ,CHOCOLATE CON MONA            ,CHOCOLATE CON MONA                                                                                  ,80,5,,,2.00,,,,,,,
867,911       ,TOSTADA LAXANTE               ,TOSTADA LAXANTE                                                                                     ,80,5,,,1.30,,,,,,,
868,910       ,TOSTADA LAXANTE (1/2)         ,TOSTADA LAXANTE (1/2)                                                                               ,80,5,,,0.65,,,,,,,
869,855       ,MEDIA TOSTADA                 ,MEDIA TOSTADA                                                                                       ,80,5,,,0.50,,,,,,,
870,854       ,TOSTADA WESTFALIA             ,TOSTADA WESTFALIA                                                                                   ,80,5,,,0.80,,,,,,,
871,853       ,TOSTADA INTEGRAL              ,TOSTADA INTEGRAL                                                                                    ,80,5,,,0.80,,,,,,,
872,852       ,TOSTADA CARRASCA              ,TOSTADA CARRASCA                                                                                    ,80,5,,,0.80,,,,,,,
873,851       ,TOSTADA NORMAL                ,TOSTADA NORMAL                                                                                      ,80,5,,,0.80,,,,,,,
874,652       ,BATIDO CON NATA               ,BATIDO CON NATA                                                                                     ,90,5,,,3.05,,,,,,,
875,651       ,BATIDO                        ,BATIDO                                                                                              ,90,5,,,2.65,,,,,,,
876,258       ,CUBANITO (P)                  ,CUBANITO (P)                                                                                        ,90,5,,,2.05,,,,,,,
877,257       ,CUBANITO (G)                  ,CUBANITO (G)                                                                                        ,90,5,,,2.75,,,,,,,
878,256       ,NEGRITO (P)                   ,NEGRITO (P)                                                                                         ,90,5,,,1.95,,,,,,,
879,255       ,NEGRITO (G)                   ,NEGRITO (G)                                                                                         ,90,5,,,2.40,,,,,,,
880,254       ,CANARIO (P)                   ,CANARIO (P)                                                                                         ,90,5,,,1.95,,,,,,,
881,253       ,CANARIO (G)                   ,CANARIO (G)                                                                                         ,90,5,,,2.40,,,,,,,
882,252       ,BLANCO Y NEGRO (P)            ,BLANCO Y NEGRO (P)                                                                                  ,90,5,,,1.95,,,,,,,
883,251       ,BLANCO Y NEGRO (G)            ,BLANCO Y NEGRO (G)                                                                                  ,90,5,,,2.40,,,,,,,
884,766       ,COMBINADO GRANIZADO PEQUE벮   ,COMBINADO GRANIZADO PEQUE벮                                                                         ,100,5,,,2.60,,,,,,,
885,764       ,COMBINADO GRANIZADO GRANDE    ,COMBINADO GRANIZADO GRANDE                                                                          ,100,5,,,3.00,,,,,,,
886,240       ,LECHERA ALMENDRA 1 LITRO      ,LECHERA ALMENDRA 1 LITRO                                                                            ,100,5,,,8.40,,,,,,,
887,239       ,LECHERA ALMENDRA 1/2 LITRO    ,LECHERA ALMENDRA 1/2 LITRO                                                                          ,100,5,,,4.20,,,,,,,
888,238       ,LECHERA CHUFA 1 LITRO         ,LECHERA CHUFA 1 LITRO                                                                               ,100,5,,,7.35,,,,,,,
889,237       ,LECHERA CHUFA 1/2 LITRO       ,LECHERA CHUFA 1/2 LITRO                                                                             ,100,5,,,3.70,,,,,,,
890,236       ,LECHERA CAFE 1 LITRO          ,LECHERA CAFE 1 LITRO                                                                                ,100,5,,,6.30,,,,,,,
891,235       ,LECHERA CAFE 1/2 LITRO        ,LECHERA CAFE 1/2 LITRO                                                                              ,100,5,,,3.15,,,,,,,
892,234       ,LECHERA LECHE 1 LITRO         ,LECHERA LECHE 1 LITRO                                                                               ,100,5,,,6.30,,,,,,,
893,233       ,LECHERA LECHE 1/2 LITRO       ,LECHERA LECHE 1/2 LITRO                                                                             ,100,5,,,3.15,,,,,,,
894,232       ,LECHERA DE LIMON 1 LITRO      ,LECHERA DE LIMON 1 LITRO                                                                            ,100,5,,,6.30,,,,,,,
895,231       ,LECHERA LIMON 1/2 LITRO       ,LECHERA LIMON 1/2 LITRO                                                                             ,100,5,,,3.15,,,,,,,
896,225       ,GR. HORCHATA CHUFA (CHUPITO)  ,GR. HORCHATA CHUFA (CHUPITO)                                                                        ,100,5,,,0.75,,,,,,,
897,224       ,GR. LECHE (CHUPITO)           ,GR. LECHE (CHUPITO)                                                                                 ,100,5,,,0.65,,,,,,,
898,223       ,GR. CAFE (CHUPITO)            ,GR. CAFE (CHUPITO)                                                                                  ,100,5,,,0.65,,,,,,,
899,222       ,GR. CAFE DESC. (CHUPITO)      ,GR. CAFE DESC. (CHUPITO)                                                                            ,100,5,,,0.65,,,,,,,
900,221       ,GR. LIMON (CHUPITO)           ,GR. LIMON (CHUPITO)                                                                                 ,100,5,,,0.65,,,,,,,
901,218       ,GR. NARANJA (G)               ,GR. NARANJA (G)                                                                                     ,100,5,,,2.30,,,,,,,
902,217       ,GR. NARANJA (P)               ,GR. NARANJA (P)                                                                                     ,100,5,,,1.90,,,,,,,
903,216       ,MEZCLA LIMON CHUFA (G)        ,MEZCLA LIMON CHUFA (G)                                                                              ,100,5,,,2.00,,,,,,,
904,215       ,MEZCLA LIMON CHUFA (P)        ,MEZCLA LIMON CHUFA (P)                                                                              ,100,5,,,1.60,,,,,,,
905,214       ,GR. HORCHATA ALMENDRA (P)     ,GR. HORCHATA ALMENDRA (P)                                                                           ,100,5,,,1.90,,,,,,,
906,213       ,GR. HORCHATA ALMENDRA (G)     ,GR. HORCHATA ALMENDRA (G)                                                                           ,100,5,,,2.30,,,,,,,
907,212       ,GR. HORCHATA CHUFA (P)        ,GR. HORCHATA CHUFA (P)                                                                              ,100,5,,,1.70,,,,,,,
908,211       ,GR. HORCHATA CHUFA (G)        ,GR. HORCHATA CHUFA (G)                                                                              ,100,5,,,2.10,,,,,,,
909,210       ,GR. CAFE VERANO (P)           ,GR. CAFE VERANO (P)                                                                                 ,100,5,,,1.45,,,,,,,
910,209       ,GR. CAFE VERANO (G)           ,GR. CAFE VERANO (G)                                                                                 ,100,5,,,1.80,,,,,,,
911,208       ,GR. LECHE (P)                 ,GR. LECHE (P)                                                                                       ,100,5,,,1.45,,,,,,,
912,207       ,GR. LECHE (G)                 ,GR. LECHE (G)                                                                                       ,100,5,,,1.80,,,,,,,
913,206       ,GR. CAFE (P)                  ,GR. CAFE (P)                                                                                        ,100,5,,,1.45,,,,,,,
914,205       ,GR. CAFE (G)                  ,GR. CAFE (G)                                                                                        ,100,5,,,1.80,,,,,,,
915,204       ,GR. CAFE DESC (P)             ,GR. CAFE DESC (P)                                                                                   ,100,5,,,1.45,,,,,,,
916,203       ,GR. CAFE DESC (G)             ,GR. CAFE DESC (G)                                                                                   ,100,5,,,1.80,,,,,,,
917,202       ,GR. LIMON (P)                 ,GR. LIMON (P)                                                                                       ,100,5,,,1.45,,,,,,,
918,201       ,GR. LIMON (G)                 ,GR. LIMON (G)                                                                                       ,100,5,,,1.80,,,,,,,
919,196       ,POKEMON (JIJONENCA)           ,POKEMON (JIJONENCA)                                                                                 ,110,5,,,2.30,,,,,,,
920,190       ,JUMPY CREAM                   ,JUMPY CREAM                                                                                         ,110,5,,,1.00,,,,,,,
921,189       ,MINILACASITOS                 ,MINILACASITOS                                                                                       ,110,5,,,1.20,,,,,,,
922,188       ,XUPI LIMON                    ,XUPI LIMON                                                                                          ,110,5,,,1.00,,,,,,,
923,187       ,XUPI FRESA                    ,XUPI FRESA                                                                                          ,110,5,,,1.00,,,,,,,
924,186       ,DIGIMON                       ,DIGIMON                                                                                             ,110,5,,,2.30,,,,,,,
925,185       ,PIKAPOLO                      ,PIKAPOLO                                                                                            ,110,5,,,1.50,,,,,,,
926,184       ,PINK MOUSE                    ,PINK MOUSE                                                                                          ,110,5,,,1.00,,,,,,,
927,183       ,ZOO LOCO (MENORQUINA)         ,ZOO LOCO (MENORQUINA)                                                                               ,110,5,,,2.55,,,,,,,
928,182       ,PUNKY (MENORQUINA)            ,PUNKY (MENORQUINA)                                                                                  ,110,5,,,2.00,,,,,,,
929,181       ,VACKY (MENORQUINA)            ,VACKY (MENORQUINA)                                                                                  ,110,5,,,2.00,,,,,,,
930,176       ,TARTA COSTA BLANCA            ,TARTA COSTA BLANCA                                                                                  ,110,5,,,9.45,,,,,,,
931,175       ,TARTA NACHO                   ,TARTA NACHO                                                                                         ,110,5,,,15.75,,,,,,,
932,174       ,TARTA WHISKY MEDIANA          ,TARTA WHISKY MEDIANA                                                                                ,110,5,,,15.00,,,,,,,
933,173       ,TARTA PRIMAVERA               ,TARTA PRIMAVERA                                                                                     ,110,5,,,12.60,,,,,,,
934,172       ,TARTA WISKY INDIVIDUAL        ,TARTA WISKY INDIVIDUAL                                                                              ,110,5,,,3.25,,,,,,,
935,171       ,OLLA BELMONTE                 ,OLLA BELMONTE                                                                                       ,110,5,,,3.05,,,,,,,
936,170       ,CESTA NATA CON NUECES         ,CESTA NATA CON NUECES                                                                               ,110,5,,,2.95,,,,,,,
937,169       ,CREMA CATALANA                ,CREMA CATALANA                                                                                      ,110,5,,,2.75,,,,,,,
938,168       ,SANDWICH NATA                 ,SANDWICH NATA                                                                                       ,110,5,,,1.25,,,,,,,
939,167       ,JARRA NATA FRESA              ,JARRA NATA FRESA                                                                                    ,110,5,,,3.05,,,,,,,
940,166       ,GARRAPI벤RA                   ,GARRAPI벤RA                                                                                         ,110,5,,,3.05,,,,,,,
941,164       ,TARRINA NATA-FRESA LA TERCIA  ,TARRINA NATA-FRESA LA TERCIA                                                                        ,110,5,,,1.80,,,,,,,
942,163       ,TARRINA TURRON LA TERCIA      ,TARRINA TURRON LA TERCIA                                                                            ,110,5,,,1.80,,,,,,,
943,162       ,COCO HELADO                   ,COCO HELADO                                                                                         ,110,5,,,3.15,,,,,,,
944,161       ,CONO NATA FRESA               ,CONO NATA FRESA                                                                                     ,110,5,,,1.30,,,,,,,
945,160       ,CONO BATURRO                  ,CONO BATURRO                                                                                        ,110,5,,,1.60,,,,,,,
946,159       ,CONO CARIBE벮                 ,CONO CARIBE벮                                                                                       ,110,5,,,1.60,,,,,,,
947,158       ,CONO TERCIA                   ,CONO TERCIA                                                                                         ,110,5,,,1.25,,,,,,,
948,157       ,NARANJA HELADA                ,NARANJA HELADA                                                                                      ,110,5,,,2.65,,,,,,,
949,156       ,LIMON HELADO                  ,LIMON HELADO                                                                                        ,110,5,,,2.65,,,,,,,
950,154       ,GRAN BOMBIN                   ,GRAN BOMBIN                                                                                         ,110,5,,,1.25,,,,,,,
951,153       ,PIRAMIDE NATA                 ,PIRAMIDE NATA                                                                                       ,110,5,,,1.20,,,,,,,
952,152       ,PIRAMIDE ALMENDRADO           ,PIRAMIDE ALMENDRADO                                                                                 ,110,5,,,1.45,,,,,,,
953,1008      ,GRAN BOMBON CRACK             ,GRAN BOMBON CRACK                                                                                   ,110,5,,,1.80,,,,,,,
954,1006      ,JICONO NATA                   ,JICONO NATA                                                                                         ,110,5,,,1.60,,,,,,,
955,1004      ,JICONO TURRON                 ,JICONO TURRON                                                                                       ,110,5,,,1.60,,,,,,,
956,1003      ,JICONO CHOCO TRUFA            ,JICONO CHOCO TRUFA                                                                                  ,110,5,,,1.60,,,,,,,
957,1002      ,GRAN BOMBON ALMENDRADO        ,GRAN BOMBON ALMENDRADO                                                                              ,110,5,,,1.60,,,,,,,
958,1001      ,GRAN BOMBON SIN AZUCAR        ,GRAN BOMBON SIN AZUCAR                                                                              ,110,5,,,1.60,,,,,,,
959,180       ,POLO DE CHOCOLATE             ,POLO DE CHOCOLATE                                                                                   ,110,5,,,0.85,,,,,,,
960,179       ,POLO DE NARANJA               ,POLO DE NARANJA                                                                                     ,110,5,,,0.85,,,,,,,
961,178       ,POLO DE FRESA                 ,POLO DE FRESA                                                                                       ,110,5,,,0.85,,,,,,,
962,155       ,POLO LA TERCIA                ,POLO LA TERCIA                                                                                      ,110,5,,,0.85,,,,,,,
963,151       ,POLO VARIOS SABORES           ,POLO VARIOS SABORES                                                                                 ,110,5,,,0.85,,,,,,,
964,150       ,POLO DE ARROZ CON LECHE       ,POLO DE ARROZ CON LECHE                                                                             ,110,5,,,0.85,,,,,,,
965,118       ,BOLA ADICIONAL GRANDE (60)    ,BOLA ADICIONAL GRANDE (60)                                                                          ,120,5,,,1.90,,,,,,,
966,117       ,BOLA ADICIONAL MEDIANA (50)   ,BOLA ADICIONAL MEDIANA (50)                                                                         ,120,5,,,1.05,,,,,,,
967,116       ,BOLA ADICIONAL PEQUE베 (40 MM),BOLA ADICIONAL PEQUE베 (40 MM)                                                                      ,120,5,,,1.05,,,,,,,
968,111       ,BARQUILLO GRANDE              ,BARQUILLO GRANDE                                                                                    ,120,5,,,1.90,,,,,,,
969,107       ,TULIPA VACIA                  ,TULIPA VACIA                                                                                        ,120,5,,,0.55,,,,,,,
970,106       ,TULIPA DOS BOLAS              ,TULIPA DOS BOLAS                                                                                    ,120,5,,,2.10,,,,,,,
971,105       ,TULIPA 3 BOLAS                ,TULIPA 3 BOLAS                                                                                      ,120,5,,,2.95,,,,,,,
972,104       ,MACETA UNA BOLA               ,MACETA UNA BOLA                                                                                     ,120,5,,,1.05,,,,,,,
973,101       ,BARQUILLO MEDIANO             ,BARQUILLO MEDIANO                                                                                   ,120,5,,,1.50,,,,,,,
974,100       ,BARQUILLO PEQUE벮             ,BARQUILLO PEQUE벮                                                                                   ,120,5,,,1.25,,,,,,,
975,61        ,TARRINA 1/2 LITRO             ,TARRINA 1/2 LITRO                                                                                   ,120,5,,,4.00,,,,,,,
978,112       ,TARRINA 1 BOLA (GRANDE)       ,TARRINA 1 BOLA (GRANDE)                                                                             ,120,5,,,1.90,,,,,,,
979,102       ,TARRINA 1 BOLA (PEQ)          ,TARRINA 1 BOLA (PEQ)                                                                                ,120,5,,,1.25,,,,,,,
980,62        ,TARRINA GRANDE (1/2 LITRO)    ,TARRINA GRANDE (1/2 LITRO)                                                                          ,120,5,,,4.80,,,,,,,
981,61        ,TARRINA MEDIANA (250CC)       ,TARRINA MEDIANA (250CC)                                                                             ,120,5,,,2.65,,,,,,,
982,60        ,TARRINA PEQUE베 (165CC)       ,TARRINA PEQUE베 (165CC)                                                                             ,120,5,,,1.90,,,,,,,
983,870       ,BIZCOCHO CON HELADO (BOLA 40) ,BIZCOCHO CON HELADO (BOLA 40)                                                                       ,130,5,,,0.95,,,,,,,
984,607       ,COPA FRESA                    ,COPA FRESA                                                                                          ,130,5,,,4.10,,,,,,,
985,606       ,COPA ANANAS                   ,COPA ANANAS                                                                                         ,130,5,,,4.10,,,,,,,
986,605       ,COPA KIWI                     ,COPA KIWI                                                                                           ,130,5,,,4.10,,,,,,,
987,604       ,COPA AVELLANA                 ,COPA AVELLANA                                                                                       ,130,5,,,4.10,,,,,,,
988,603       ,COPA COTON                    ,COPA COTON                                                                                          ,130,5,,,4.10,,,,,,,
989,602       ,COPA NUGAT                    ,COPA NUGAT                                                                                          ,130,5,,,4.10,,,,,,,
990,601       ,COPA BANANA                   ,COPA BANANA                                                                                         ,130,5,,,4.10,,,,,,,
991,406       ,COPA AL GUSTO                 ,COPA AL GUSTO                                                                                       ,130,5,,,3.80,,,,,,,
992,405       ,COPA CARIBE                   ,COPA CARIBE                                                                                         ,130,5,,,3.80,,,,,,,
993,404       ,COPA EVEREST                  ,COPA EVEREST                                                                                        ,130,5,,,3.80,,,,,,,
994,403       ,COPA CAPRICCIO                ,COPA CAPRICCIO                                                                                      ,130,5,,,3.80,,,,,,,
995,402       ,COPA DOS SABORES (MED)        ,COPA DOS SABORES (MED)                                                                              ,130,5,,,2.50,,,,,,,
996,401       ,COPA DE UN SABOR              ,COPA DE UN SABOR                                                                                    ,130,5,,,2.50,,,,,,,
997,305       ,DEGUSTACION TROPICAL          ,DEGUSTACION TROPICAL                                                                                ,130,5,,,3.55,,,,,,,
998,304       ,DEGUSTACION CLASICA           ,DEGUSTACION CLASICA                                                                                 ,130,5,,,3.55,,,,,,,
999,303       ,TITANIC                       ,TITANIC                                                                                             ,130,5,,,5.45,,,,,,,
1000,302       ,HUEVO FRITO                   ,HUEVO FRITO                                                                                         ,130,5,,,2.95,,,,,,,
1001,301       ,BANANA SPLIT                  ,BANANA SPLIT                                                                                        ,130,5,,,3.80,,,,,,,
1003,501       ,MICKEY                        ,MICKEY                                                                                              ,130,5,,,2.05,,,,,,,
1004,128       ,LA ISLA DEL TESORO            ,LA ISLA DEL TESORO                                                                                  ,130,5,,,2.30,,,,,,,
1005,127       ,PAYASO                        ,PAYASO                                                                                              ,130,5,,,2.50,,,,,,,
1007,125       ,GUSANITO                      ,GUSANITO                                                                                            ,130,5,,,2.40,,,,,,,
1008,124       ,SPAGUETTI                     ,SPAGUETTI                                                                                           ,130,5,,,2.10,,,,,,,
1009,123       ,ALFONSITO                     ,ALFONSITO                                                                                           ,130,5,,,2.20,,,,,,,
1010,122       ,OSITO                         ,OSITO                                                                                               ,130,5,,,2.40,,,,,,,
1011,121       ,PINOCHO                       ,PINOCHO                                                                                             ,130,5,,,2.50,,,,,,,
1012,928       ,TRINA TI LIMON NEGRO          ,TRINA TI LIMON NEGRO                                                                                ,140,5,,,1.50,,,,,,,
1013,763       ,AQUARIUS NARANJA 20CC         ,AQUARIUS NARANJA 20CC                                                                               ,140,5,,,1.20,,,,,,,
1014,762       ,AQUARIUS 20CC                 ,AQUARIUS 20CC                                                                                       ,140,5,,,1.20,,,,,,,
1015,758       ,SPRITE                        ,SPRITE                                                                                              ,140,5,,,1.25,,,,,,,
1016,755       ,MARE ROSSO                    ,MARE ROSSO                                                                                          ,140,5,,,1.25,,,,,,,
1021,728       ,SCHWEPPES TONICA              ,SCHWEPPES TONICA                                                                                    ,140,5,,,1.25,,,,,,,
1022,726       ,FANTA DE LIMON (BOTE)         ,FANTA DE LIMON (BOTE)                                                                               ,140,5,,,1.25,,,,,,,
1023,725       ,FANTA NARANJA (BOTE)          ,FANTA NARANJA (BOTE)                                                                                ,140,5,,,1.25,,,,,,,
1024,724       ,COCA-COLA SIN (20CC)          ,COCA-COLA SIN (20CC)                                                                                ,140,5,,,1.25,,,,,,,
1025,723       ,COCA-COLA LIGHT (20CC)        ,COCA-COLA LIGHT (20CC)                                                                              ,140,5,,,1.25,,,,,,,
1026,722       ,COCA-COLA SIN (BOTE)          ,COCA-COLA SIN (BOTE)                                                                                ,140,5,,,1.25,,,,,,,
1027,721       ,COCA-COLA LIGHT (BOTE)        ,COCA-COLA LIGHT (BOTE)                                                                              ,140,5,,,1.25,,,,,,,
1028,720       ,NESTEE                        ,NESTEE                                                                                              ,140,5,,,1.25,,,,,,,
1029,719       ,AGUA VICHY                    ,AGUA VICHY                                                                                          ,140,5,,,1.05,,,,,,,
1030,718       ,AQUARIUS BOTE                 ,AQUARIUS BOTE                                                                                       ,140,5,,,1.25,,,,,,,
1031,717       ,TONICA NORDIC                 ,TONICA NORDIC                                                                                       ,140,5,,,1.25,,,,,,,
1032,716       ,BATIDO CACAO PULEVA           ,BATIDO CACAO PULEVA                                                                                 ,140,5,,,1.25,,,,,,,
1033,715       ,FANTA DE LIMON                ,FANTA DE LIMON                                                                                      ,140,5,,,1.25,,,,,,,
1034,714       ,FANTA NARANJA                 ,FANTA NARANJA                                                                                       ,140,5,,,1.25,,,,,,,
1035,713       ,COCA-COLA 20CC                ,COCA-COLA 20CC                                                                                      ,140,5,,,1.25,,,,,,,
1036,712       ,COCA-COLA (BOTE)              ,COCA-COLA (BOTE)                                                                                    ,140,5,,,1.25,,,,,,,
1039,709       ,GINGER-ALE                    ,GINGER-ALE                                                                                          ,140,5,,,1.25,,,,,,,
1040,708       ,KAS FRUIT MELOCOTON           ,KAS FRUIT MELOCOTON                                                                                 ,140,5,,,1.25,,,,,,,
1041,707       ,KAS FRUIT PI베                ,KAS FRUIT PI베                                                                                      ,140,5,,,1.25,,,,,,,
1042,706       ,SEVEN-UP                      ,SEVEN-UP                                                                                            ,140,5,,,1.25,,,,,,,
1043,705       ,KAS LIMON                     ,KAS LIMON                                                                                           ,140,5,,,1.25,,,,,,,
1044,704       ,KAS NARANJA                   ,KAS NARANJA                                                                                         ,140,5,,,1.25,,,,,,,
1045,703       ,BITTER SIN                    ,BITTER SIN                                                                                          ,140,5,,,1.25,,,,,,,
1046,702       ,PEPSI-LIGHT                   ,PEPSI-LIGHT                                                                                         ,140,5,,,1.25,,,,,,,
1047,701       ,PEPSI NORMAL                  ,PEPSI NORMAL                                                                                        ,140,5,,,1.25,,,,,,,
1048,358       ,BURN                          ,BURN                                                                                                ,140,5,,,2.00,,,,,,,
1049,356       ,RED BULL                      ,RED BULL                                                                                            ,140,5,,,2.00,,,,,,,
1050,925       ,TE ESPECIAL CON LECHE         ,TE ESPECIAL CON LECHE                                                                               ,150,5,,,1.50,,,,,,,
1051,924       ,TE CON LECHE                  ,TE CON LECHE                                                                                        ,150,5,,,1.30,,,,,,,
1052,816       ,TE CON LECHE                  ,TE CON LECHE                                                                                        ,150,5,,,1.15,,,,,,,
1053,815       ,MANWI                         ,MANWI                                                                                               ,150,5,,,1.15,,,,,,,
1054,814       ,TEWI                          ,TEWI                                                                                                ,150,5,,,1.15,,,,,,,
1055,813       ,TILA                          ,TILA                                                                                                ,150,5,,,0.85,,,,,,,
1056,812       ,POLEO                         ,POLEO                                                                                               ,150,5,,,0.85,,,,,,,
1057,811       ,MANZANILLA                    ,MANZANILLA                                                                                          ,150,5,,,0.85,,,,,,,
1058,810       ,TE                            ,TE                                                                                                  ,150,5,,,0.85,,,,,,,
1059,785       ,TE POMPADOUR TE ROOBOIS       ,TE POMPADOUR TE ROOBOIS                                                                             ,150,5,,,1.25,,,,,,,
1060,783       ,TE POMPADOUR TE CON NARANJA   ,TE POMPADOUR TE CON NARANJA                                                                         ,150,5,,,1.25,,,,,,,
1061,782       ,TE COMPA벨A INDIAS TEA BLANCO ,TE COMPA벨A INDIAS TEA BLANCO                                                                       ,150,5,,,1.25,,,,,,,
1062,782       ,TE POMPADOUR TE CON LIMON     ,TE POMPADOUR TE CON LIMON                                                                           ,150,5,,,1.25,,,,,,,
1063,781       ,TE HORNIMANS TE DE LA BELLEZA ,TE HORNIMANS TE DE LA BELLEZA                                                                       ,150,5,,,1.25,,,,,,,
1064,780       ,TE HORNIMANS INFUDIGEST       ,TE HORNIMANS INFUDIGEST                                                                             ,150,5,,,1.25,,,,,,,
1065,897       ,TE TWININGS PU-ERH            ,TE TWININGS PU-ERH                                                                                  ,150,5,,,1.25,,,,,,,
1066,836       ,TE CON LIMON INCLUIDO         ,TE CON LIMON INCLUIDO                                                                               ,150,5,,,1.25,,,,,,,
1067,835       ,TE PU-ERH                     ,TE PU-ERH                                                                                           ,150,5,,,1.25,,,,,,,
1068,834       ,TE VERDE CON MENTA            ,TE VERDE CON MENTA                                                                                  ,150,5,,,1.25,,,,,,,
1069,833       ,TE EARL GREY                  ,TE EARL GREY                                                                                        ,150,5,,,1.25,,,,,,,
1070,832       ,TE SABOR CANELA               ,TE SABOR CANELA                                                                                     ,150,5,,,1.25,,,,,,,
1071,831       ,TE SABOR MELOCOTON            ,TE SABOR MELOCOTON                                                                                  ,150,5,,,1.25,,,,,,,
1072,830       ,TE SABOR FRESA                ,TE SABOR FRESA                                                                                      ,150,5,,,1.25,,,,,,,
1073,829       ,TE FRUTAS                     ,TE FRUTAS                                                                                           ,150,5,,,1.25,,,,,,,
1074,828       ,TE BREAKFAST                  ,TE BREAKFAST                                                                                        ,150,5,,,1.25,,,,,,,
1075,827       ,TE CEYLAN                     ,TE CEYLAN                                                                                           ,150,5,,,1.25,,,,,,,
1076,826       ,TE SIN (DESCAFEINADO)         ,TE SIN (DESCAFEINADO)                                                                               ,150,5,,,1.25,,,,,,,
1077,825       ,TE JAZMIN                     ,TE JAZMIN                                                                                           ,150,5,,,1.25,,,,,,,
1078,824       ,TE BLANCO                     ,TE BLANCO                                                                                           ,150,5,,,1.25,,,,,,,
1079,823       ,TE ROJO                       ,TE ROJO                                                                                             ,150,5,,,1.25,,,,,,,
1080,822       ,TE VERDE                      ,TE VERDE                                                                                            ,150,5,,,1.25,,,,,,,
1081,901       ,ZUMO DE NARANJA               ,ZUMO DE NARANJA                                                                                     ,160,5,,,1.35,,,,,,,
1082,788       ,ZUMO TOMATE HERO              ,ZUMO TOMATE HERO                                                                                    ,160,5,,,1.25,,,,,,,
1083,787       ,MOSTO HERO                    ,MOSTO HERO                                                                                          ,160,5,,,1.25,,,,,,,
1084,786       ,ZUMO PI베 HERO                ,ZUMO PI베 HERO                                                                                      ,160,5,,,1.25,,,,,,,
1085,779       ,ZUMO MELOCOTON HERO           ,ZUMO MELOCOTON HERO                                                                                 ,160,5,,,1.25,,,,,,,
1086,732       ,ZUMO VIDA PI베                ,ZUMO VIDA PI베                                                                                      ,160,5,,,1.25,,,,,,,
1087,731       ,ZUMO VIDA MELOCOTON           ,ZUMO VIDA MELOCOTON                                                                                 ,160,5,,,1.25,,,,,,,
